{
  "description": "项目配置文件",
  "packOptions": {
    "ignore": []
  },
  "setting": {
    "urlCheck": false,
    "es6": true,
    "enhance": false,
    "postcss": true,
    "preloadBackgroundData": false,
    "minified": true,
    "newFeature": true,
    "coverView": true,
    "nodeModules": false,
    "autoAudits": false,
    "showShadowRootInWxmlPanel": true,
    "scopeDataCheck": false,
    "uglifyFileName": false,
    "checkInvalidKey": true,
    "checkSiteMap": true,
    "uploadWithSourceMap": true,
    "compileHotReLoad": false,
    "useMultiFrameRuntime": false,
    "useApiHook": true,
    "babelSetting": {
      "ignore": [],
      "disablePlugins": [],
      "outputPath": ""
    },
    "enableEngineNative": false,
    "bundle": false,
    "useIsolateContext": true,
    "useCompilerModule": false,
    "userConfirmedUseCompilerModuleSwitch": false,
    "userConfirmedBundleSwitch": false,
    "packNpmManually": false,
    "packNpmRelationList": [],
    "minifyWXSS": true
  },
  "compileType": "miniprogram",
  "libVersion": "2.3.0",
  "appid": "wx7d68e6196c0f637f",
  "projectname": "YangYuaBBS",
  "debugOptions": {
    "hidedInDevtools": []
  },
  "isGameTourist": false,
  "simulatorType": "wechat",
  "simulatorPluginLibVersion": {},
  "condition": {
    "search": {
      "list": []
    },
    "conversation": {
      "list": []
    },
    "plugin": {
      "list": []
    },
    "game": {
      "currentL": -1,
      "list": []
    },
    "miniprogram": {
      "list": [
        {
          "id": -1,
          "name": "首页",
          "pathName": "pages/index/index",
          "query": ""
        },
        {
          "id": -1,
          "name": "登录",
          "pathName": "pages/login/login",
          "query": ""
        },
        {
          "id": -1,
          "name": "注册",
          "pathName": "pages/register/register",
          "query": ""
        },
        {
          "id": -1,
          "name": "用户中心",
          "pathName": "pages/main/main",
          "query": ""
        }
      ]
    }
  }
}